ts	phase	decision	why	evidence	result
2026-09-16T19:08:37Z	frame	Measure source and test reductions separately from repository text	Colocated tests account for most src lines; neither coverage deletion nor formatting counts as simplification	e15ee7834a39bef8056fe4157970bdf27cea1caa	baseline source 82123 lines; tests 112632 lines; tracked text 220330 lines
2026-09-16T19:10:33Z	baseline	Run unchanged build, lint, Svelte checks, full unit suite and coverage	Establish behavior and coverage before source changes	/tmp/quickadd-simplification/baseline-tests.json; /tmp/quickadd-simplification/baseline-build.log; /tmp/quickadd-simplification/baseline-check.log	VERIFIED: 5499 passed, 37 skipped; statements 80.09%, branches 74.51%, functions 80.75%, lines 81.32%
2026-09-16T19:10:33Z	design	Choose domain functions and focused modules; preserve distinct evaluation and traversal semantics	Remove repeated implementations without adding a universal interpreter or visitor framework	/tmp/quickadd-design-deletion.md; /tmp/quickadd-design-domain.md	selected; 30% target remains unverified
2026-09-16T19:43:28+00:00	baseline	Repair native fixtures before refactoring behavior	GPS tests mixed sandbox-relative and vault-relative paths; date fixture froze a clock the executor does not use	a53bbd99; ae3ce31d; 0f6407e2; 6711a5bb; /tmp/quickadd-simplification/baseline-e2e-complete.json	VERIFIED: original built product passes 92 native tests after fixture repairs
2026-09-16T19:43:28+00:00	implementation	Split CLI and API boundaries while sharing execution and AI prompt policies	Keep callbacks redacted separately; retain variable cleanup and cancellation contracts	5d392439; 6a586f01; /tmp/quickadd-simplification/root-tests.log	VERIFIED: 158 focused API, CLI, URI and settings tests
2026-09-16T19:43:28+00:00	implementation	Share formatter stages and token domains without a universal interpreter	Pass order and generated-token semantics differ from preview and requirement collection	500ef59b; 44475940; /tmp/quickadd-simplification/domain-second-pass.md	Independent estimate supports hundreds of remaining removable production lines, not thousands
2026-09-16T19:43:28+00:00	implementation	Replace simulated formatter, engine, property and migration suites with production entrypoints	Tests must detect production regressions rather than validate a second implementation	43a3ddd0; a1eaaf09; 594ae0a3; a53bbd99; /tmp/quickadd-simplification/tests-coverage-audit.md	Preserved substantive assertions; engine YAML fixture flaw subsequently found by independent review
2026-09-16T19:43:28+00:00	implementation	Consolidate prompt lifecycle, settings actions, suggestion pipelines, package analysis and AI transport	Shared concrete policies reduce repetition; keep mutable UI state accessed live	e055de87; b77c4b8e; 25f48d41; 13915d50; d30901bb	Integrated build and Svelte checks pass
2026-09-16T19:43:28+00:00	integration	Update tests that reference moved settings methods and component files	Preserve copy and escaping assertions at their new source boundaries	/tmp/quickadd-simplification/integrated-tests.json; /tmp/quickadd-simplification/integration-repairs.log	Initial combined run: 5513 passed, 4 failed, 24 skipped; repaired focused suites: 24 passed
2026-09-16T19:43:28+00:00	verification	Run the combined built plugin in isolated Obsidian	Unit suites cannot establish native prompt, editor, property and package behavior	/tmp/quickadd-simplification/integrated-e2e.json	VERIFIED: 92 native tests pass; no shared vault used
2026-09-16T19:43:28+00:00	review	Use three independent reviewers, including another model for the decision trail	Challenge correctness, weak tests, unsupported metrics and architectural complexity	/tmp/quickadd-simplification/review-core.md; /tmp/quickadd-simplification/review-surfaces.md; /tmp/quickadd-simplification/review-boundaries.md	Accepted stale-YAML fixture, package traversal, whitespace and incomplete-trail findings; engine inheritance under revision
2026-09-16T19:43:28+00:00	review	Read actual YAML bytes in engine fixtures with a real codec	A cached property map hid later destruction of frontmatter	2cd07a27; /tmp/quickadd-simplification/core-probe	yaml 2.9.0 added as a dev dependency; no production dependency added
2026-09-16T19:43:28+00:00	review	Unify legacy macro traversal across package preview, validation and import	Native import preview omitted executable commands stored in array-valued macros	/tmp/quickadd-simplification/legacy-package-before.json; /tmp/quickadd-simplification/package-regression-before.log	Native UI showed scripts=0 and enabled Import; two regression cases failed before fix
2026-09-16T19:43:28+00:00	measurement	Reject a claim that the 30 percent requirement is met	Count new modules and fixtures; report tests separately from production	/tmp/quickadd-simplification/integrated-loc.json; .audit/measure-lines.py	UNMET: initial integrated reduction 16110 of 220330 tracked text lines (7.3 percent); no feature deletion or formatting compression to manufacture a result
2026-09-16T19:51:27+00:00	review	Replace the extracted user-script base with invocation-local execution	Actual production callers did not need inherited delegation or mutable temporary command state	0f66c79a; /tmp/quickadd-simplification/review-core.md	Seven abstract dependencies removed; focused 101 cases preserve output retention versus explicit undefined
2026-09-16T19:51:27+00:00	verification	Verify package warning and YAML boundary in native Obsidian	Exercise the built import UI and actual public formatter after adjacent fixes	/tmp/quickadd-simplification/legacy-package-after.json; /tmp/quickadd-simplification/yaml-native-after.json	VERIFIED: scripts=1; Import disabled pending acknowledgement; YAML end excluded with unchanged public probe output
2026-09-16T19:51:27+00:00	verification	Keep durable evidence summaries and native screenshots with the PR	Temporary raw logs alone do not survive review on another machine	.audit/validation.md; .audit/evidence.json; ARCHITECTURE.md	Commands, code revision, report hashes, coverage denominators and evidence limits recorded
2026-09-16T19:54:23+00:00	verification	Validate final source revision after review corrections	Last user-script change required fresh full checks	.audit/evidence.json; 0f66c79a	VERIFIED: 5524 unit passed / 24 skipped; 92 native passed; build/lint and Svelte clean; coverage statements 81.66, branches 76.05, functions 82.28, lines 82.91 percent
